{
  "results": {
    "traj_mse": 1.4923372268676758,
    "traj_mse_final": 2.178107738494873,
    "gamma_mse_r_thetatheta": 5.050444066524506,
    "gamma_mse_theta_rtheta": 2.1179437786340714,
    "accel_mse": 1368484.91015625,
    "loop_mse_mean": 3.7885605399438704e+28,
    "symmetry_loss": 0.0,
    "logabsdet_loss": 0.1732715219259262,
    "signature_loss": 1218339.0,
    "metric_min_eig": -49243804.0,
    "metric_frac_neg_eig": 0.34765625
  },
  "per_t_mse": [
    0.0,
    0.10096842795610428,
    0.21491070091724396,
    0.3619477450847626,
    0.5290613174438477,
    0.6265777945518494,
    0.7760737538337708,
    0.8332988023757935,
    0.9310206770896912,
    1.0444679260253906,
    1.1481919288635254,
    1.1941879987716675,
    1.2454311847686768,
    1.3225923776626587,
    1.3541443347930908,
    1.3913296461105347,
    1.4399889707565308,
    1.5203732252120972,
    1.5315048694610596,
    1.5548856258392334,
    1.5697256326675415,
    1.587700605392456,
    1.6357150077819824,
    1.67348313331604,
    1.67950439453125,
    1.6901321411132812,
    1.7020660638809204,
    1.7122912406921387,
    1.7491459846496582,
    1.7545076608657837,
    1.7710298299789429,
    1.778877854347229,
    1.7856196165084839,
    1.79384183883667,
    1.8009485006332397,
    1.833978295326233,
    1.8515586853027344,
    1.8654946088790894,
    1.8861697912216187,
    1.902209758758545,
    1.9270623922348022,
    1.9519505500793457,
    1.9698086977005005,
    2.006084442138672,
    2.0303399562835693,
    2.0542242527008057,
    2.0872244834899902,
    2.116715908050537,
    2.1503853797912598,
    2.178107738494873
  ]
}