{
  "results": {
    "traj_mse": 0.2311873035505414,
    "traj_mse_final": 0.40265369415283203,
    "loop_mse_mean": 0.004222534596920013,
    "symmetry_loss": 0.0,
    "logabsdet_loss": 0.10995866358280182,
    "signature_loss": 0.0004396402509883046,
    "metric_min_eig": 0.35040614008903503,
    "metric_frac_neg_eig": 0.0
  },
  "per_t_mse": [
    0.09842699021100998,
    0.1066686362028122,
    0.11836473643779755,
    0.13527511060237885,
    0.13749079406261444,
    0.13959245383739471,
    0.14351710677146912,
    0.14818774163722992,
    0.17237956821918488,
    0.17681552469730377,
    0.16989155113697052,
    0.19199945032596588,
    0.19942979514598846,
    0.18015171587467194,
    0.1893584132194519,
    0.1941452920436859,
    0.20867721736431122,
    0.19942918419837952,
    0.2006750851869583,
    0.1990397870540619,
    0.20954591035842896,
    0.2328871637582779,
    0.2305864691734314,
    0.22950543463230133,
    0.23111633956432343,
    0.22970165312290192,
    0.24131576716899872,
    0.25142425298690796,
    0.23496131598949432,
    0.2336927205324173,
    0.23475755751132965,
    0.24047262966632843,
    0.24399080872535706,
    0.24738235771656036,
    0.25309306383132935,
    0.24829953908920288,
    0.25682753324508667,
    0.2672160863876343,
    0.272439181804657,
    0.28478482365608215,
    0.29489579796791077,
    0.2942010164260864,
    0.30090636014938354,
    0.3120715618133545,
    0.3233235776424408,
    0.3422842025756836,
    0.35351061820983887,
    0.3656007647514343,
    0.3864009976387024,
    0.40265369415283203
  ]
}